<?xml version="1.0" encoding="UTF-8"?>
<!DOCTYPE mapper PUBLIC "-//mybatis.org//DTD Mapper 3.0//EN" "http://mybatis.org/dtd/mybatis-3-mapper.dtd" >

<mapper namespace = "org.yuye.management.dao.TeacherMapper">
	<resultMap id="TeacherAndStudent" type = "org.yuye.management.pojo.Teacher">
		<id column="tea_id" property="teaId"></id>
		<result column="tea_name" property="teaName"></result>
		<result column="stu_id" property="stuId"></result>
	<collection property="stuList" ofType="org.yuye.management.pojo.Student">
		<id column="stu_id" property="stuId"></id>
		<result column="stu_name" property="stuName"></result>
		<result column="stu_age" property="stuAge"></result>
	</collection>
	</resultMap>
	
	<select id="stuList" resultMap="TeacherAndStudent">
		select
          tea_id,
          tea_name,
          teacher.stu_id,
         
          stu_name,
          stu_age
        from teacher
        left join student
        on teacher.stu_id = student.stu_id
        <where>
            <if test="id != null and id != ''">
                teacher.stu_id = #{id}
            </if>
        </where>
	</select>
</mapper>